type,iban,balance,status,interestRate,accruedInterest,ownerUsername,monthlyMaintenanceFee
PERSONAL,GR100000000000000001,5706.957347897746531123625351317403428625738556435094556609121676499442681600,ACTIVE,0.01,0,john,
PERSONAL,GR100000000000000002,2502.809082824192298936943019846394850239760253323347077928066234160608000000,ACTIVE,0.01,0,john,
PERSONAL,GR100000000000000003,3754.161546994265197317806652305938384250603153177822067374554301874487680000,ACTIVE,0.01,0,maria,
PERSONAL,GR100000000000000004,1501.685449694515379362165811907836910143856151994008246756839740496364800000,ACTIVE,0.01,0,nikos,
BUSINESS,GR200000000000000005,49881.135758687220412966681932678682535589011860488401433411562283212160000000,ACTIVE,0.01,0,techcorp,25.00
BUSINESS,GR200000000000000006,99937.317415171066391705542329606579540384216926955342991972886966424320000000,ACTIVE,0.01,0,utility,25.00
