type,iban,balance,status,interestRate,accruedInterest,ownerUsername,monthlyMaintenanceFee
PERSONAL,GR100000000000000001,5508.3438333325530195135683221557734808950280044642667886073377148434305383845313660905985592651415798937485016678400,ACTIVE,0.01,0,john,
PERSONAL,GR100000000000000002,2503.6320230537615652731635952312533693618621606330237077228461782420886581528441521604574743099274709653256192000000,ACTIVE,0.01,0,john,
PERSONAL,GR100000000000000003,3755.3959402152764495320447005374105059666833351606894313265654081473130071648500979063627851212462458493754040320000,ACTIVE,0.01,0,maria,
PERSONAL,GR100000000000000004,1502.1792138322569391638981571387520216171172963798142246337077069452531948917064912962744845859564825791953715200000,ACTIVE,0.01,0,nikos,
BUSINESS,GR200000000000000005,49797.5274175208151537586921121071067390737914891465039333104696411518339804113615401438570867448763415465123840000000,ACTIVE,0.01,0,techcorp,25.00
BUSINESS,GR200000000000000006,99870.1678785960464592219640167321741263110347018069780877673932059936071434682445833530065729434257608530247680000000,ACTIVE,0.01,0,utility,25.00
